{"train/learning_rate":1.4999999999999999e-05,"_step":1,"eval/recall_0":0.5373018940858136,"train/global_step":25,"_wandb":{"runtime":1179},"eval/samples_per_second":3.874,"_timestamp":1.7488388785657809e+09,"eval/uar":0.5391427503215953,"eval/cer":0.6466828971393792,"_runtime":1121.048899143,"eval/steps_per_second":0.969,"eval/runtime":1045.6459,"train/epoch":0.05,"train/loss":1.704,"train/grad_norm":943199.6875,"eval/recall_1":0.5409836065573771,"eval/loss":0.88442063331604}