{"_wandb":{"runtime":655},"train/loss":0.2132,"train/grad_norm":4.565364360809326,"_timestamp":1.7485933135089774e+09,"train/epoch":1.89,"_runtime":654.818520079,"train/learning_rate":0.00026713333333333334,"train/global_step":1000,"_step":39}