{"_timestamp":1.7488333511549141e+09,"train/loss":0.468,"_step":1,"train/grad_norm":725174.375,"_wandb":{"runtime":95},"_runtime":90.516778836,"train/learning_rate":2.9999999999999997e-05,"train/global_step":50,"train/epoch":0.09}