{"train/grad_norm":3.867759943008423,"train/global_step":1000,"_wandb":{"runtime":656},"train/learning_rate":0.000267,"_runtime":655.714782497,"train/loss":0.2076,"train/epoch":1.89,"_timestamp":1.7485941106167674e+09,"_step":39}